mean_estimates,combined_se,t_stats,p_values
-8.93790029721442,0.457392998029191,-19.5409644129358,4.04410826347963e-05
0.236686089582702,0.0280166474467034,8.44805182465013,0.00107549509106733
0.188011814910795,0.0227140793859167,8.27732490128424,0.00116271087454808
-0.295326003991144,0.0691509242345303,-4.27074557947375,0.0129424607541918
0.022292055780974,0.00208555582422481,10.6887840268,0.000434022202152849
