V1,mean_estimates,combined_se,t_stats,p_values
(Intercept),-2.72837213974608,0.166249436255357,-16.4113166408296,0
factor(wave)2,-0.230323197633143,0.11271291506903,-2.04344992312623,0.0410079197768434
factor(wave)3,-0.212215155409681,0.111910555981907,-1.89629256639553,0.0579213686933666
factor(wave)4,-0.220267731508557,0.111025123540403,-1.98394493502545,0.0472619788533413
random_part,0.093352714543428,0.455647948514459,0.305485999077045,0.675007230178962
eval,149543.553064813,149607.636555223,-74765.7765324067,149531.553064813
