V1,mean_estimates,combined_se,t_stats,p_values
(Intercept),-2.38785334551467,0.203432577111489,-11.7378120034631,0
factor(wave)2,-0.19077174071199,0.0939347913030376,-2.0308954548752,0.0422656009544444
factor(wave)3,-0.163724307202086,0.0934276063985532,-1.75241894246604,0.0797017966050957
factor(wave)4,-0.0837269175398803,0.0928781177998276,-0.901470868739285,0.3673380158919
random_part,0.0655944626351967,0.825143685535758,0.256073943138,0.908366737192307
eval,207234.27363558,207298.35712599,-103611.13681779,207222.27363558
