prop_ren_tot,prop_ren_w,prop_ren_k
0.0142526569939104,0.00907816480585014,0.0141650009813674
0.0170149289948177,0.0123271227421882,0.0160736360253463
0.0281617563311752,0.020317815451041,0.0387222488178564
0.0396925705332324,0.0220080143549879,0.0714381127262754
0.037368738025138,0.0273020068552643,0.054999005006548
0.054796667399334,0.0316977930014011,0.110763493058588
0.0721868489108136,0.0524428928889285,0.101013793984481
0.0533317718120357,0.0368272920807139,0.0719668457739663
