names,mean_estimates,combined_se,t_stats,p_values
(Intercept),-4.40040492881825,0.224468740967157,-19.603642404098,3.99307612385586e-05
hsize,-0.0670994005967406,0.00661136776583469,-10.1490951605336,0.000530693202394914
head_gendrfemale,-0.0459400205223268,0.015362072685089,-2.99048321564823,0.0403188720454991
age0-29,-0.946055802379339,0.0422018448988218,-22.4174038989881,2.3446094866661e-05
age50-69,1.34162110738183,0.0203176120496408,66.0324207443241,3.1510743526517e-07
age+70,2.247070714991,0.0236486231363586,95.0190927410161,7.35507526644724e-08
edu_refsecondary,0.823551478188725,0.0223164486501265,36.903339375374,3.21933058575825e-06
edu_reftertiary,1.08445286535709,0.0243671836854019,44.5046452375523,1.52429669508438e-06
