names,mean_estimates,combined_se,t_stats,p_values
(Intercept),-4.40040492881825,0.22549305480883,-19.5145918465154,4.06582381897055e-05
hsize,-0.0670994005967406,0.00617900047224128,-10.8592645199138,0.000408119853134284
head_gendrfemale,-0.0459400205223268,0.0146817957966153,-3.1290464163054,0.0352176414127414
age0-29,-0.946055802379339,0.0411325220128526,-23.0001895357578,2.11725059088621e-05
age50-69,1.34162110738183,0.0193376982480468,69.3785315176971,2.58612532314785e-07
age+70,2.247070714991,0.0226935498362355,99.0180351336231,6.2373309885625e-08
edu_refsecondary,0.823551478188725,0.0212257946392324,38.799559318572,2.63586556511303e-06
edu_reftertiary,1.08445286535709,0.0229301175939717,47.2938204923199,1.19574979979294e-06
