V1,mean_estimates,combined_se,t_stats,p_values
(Intercept),-2.2472869410263,0.193293456932011,-11.6262959786412,0
factor(wave)2,-0.168571494133416,0.0923691282182452,-1.82497656289581,0.068004566194769
factor(wave)3,-0.106920857194602,0.0920808147730243,-1.16116323968416,0.245575520961983
factor(wave)4,-0.0157541950239508,0.0915671790982308,-0.172050675570666,0.863397689603523
random_part,0.0594835620629575,0.674137915210578,0.243864429719974,0.821044091348568
eval,176285.304671373,176348.282420359,-88136.6523356866,176273.304671373
