model,auc,accuracy,precision,recall,f1_score
glmer,0.84659862480917,0.87433853127515,0.677446042092186,0.273182957393484,0.388482761376173
xgboost,0.821163944530747,0.868455794431809,0.654037276151018,0.220551378446115,0.329304819109224
